Geographic Area,Year,Population
Alamance,2020,171624
Alamance,2021,173666
Alamance,2022,176470
Alamance,2023,179369
Alamance,2024,183361
Alamance,2025,186177
Alexander,2020,36406
Alexander,2021,36279
Alexander,2022,36213
Alexander,2023,36387
Alexander,2024,36749
Alexander,2025,36958
Alleghany,2020,10891
Alleghany,2021,11084
Alleghany,2022,11200
Alleghany,2023,11332
Alleghany,2024,11402
Alleghany,2025,11479
Anson,2020,22233
Anson,2021,21650
Anson,2022,21739
Anson,2023,21778
Anson,2024,21524
Anson,2025,21758
Ashe,2020,26585
Ashe,2021,26757
Ashe,2022,27047
Ashe,2023,27096
Ashe,2024,27378
Ashe,2025,27514
Avery,2020,17918
Avery,2021,17603
Avery,2022,17636
Avery,2023,17765
Avery,2024,18103
Avery,2025,18110
Beaufort,2020,44694
Beaufort,2021,44497
Beaufort,2022,44358
Beaufort,2023,44508
Beaufort,2024,44730
Beaufort,2025,44670
Bertie,2020,17722
Bertie,2021,17237
Bertie,2022,16951
Bertie,2023,17013
Bertie,2024,17184
Bertie,2025,17086
Bladen,2020,29628
Bladen,2021,29531
Bladen,2022,29360
Bladen,2023,29586
Bladen,2024,29967
Bladen,2025,30007
Brunswick,2020,138135
Brunswick,2021,144719
Brunswick,2022,152519
Brunswick,2023,159425
Brunswick,2024,166889
Brunswick,2025,174702
Buncombe,2020,269703
Buncombe,2021,272030
Buncombe,2022,274019
Buncombe,2023,276463
Buncombe,2024,279227
Buncombe,2025,277417
Burke,2020,87262
Burke,2021,87337
Burke,2022,87801
Burke,2023,88217
Burke,2024,88569
Burke,2025,88655
Cabarrus,2020,227240
Cabarrus,2021,231844
Cabarrus,2022,236041
Cabarrus,2023,240679
Cabarrus,2024,245673
Cabarrus,2025,249725
Caldwell,2020,80582
Caldwell,2021,80529
Caldwell,2022,80298
Caldwell,2023,80659
Caldwell,2024,80854
Caldwell,2025,81105
Camden,2020,10405
Camden,2021,10827
Camden,2022,11093
Camden,2023,11165
Camden,2024,11249
Camden,2025,11315
Carteret,2020,67692
Carteret,2021,68695
Carteret,2022,69335
Carteret,2023,69646
Carteret,2024,70215
Carteret,2025,70469
Caswell,2020,22476
Caswell,2021,22505
Caswell,2022,22218
Caswell,2023,22477
Caswell,2024,22461
Caswell,2025,22563
Catawba,2020,160892
Catawba,2021,161706
Catawba,2022,163274
Catawba,2023,164901
Catawba,2024,167189
Catawba,2025,170172
Chatham,2020,76663
Chatham,2021,78164
Chatham,2022,80039
Chatham,2023,81877
Chatham,2024,83832
Chatham,2025,85111
Cherokee,2020,28866
Cherokee,2021,29199
Cherokee,2022,29539
Cherokee,2023,30035
Cherokee,2024,30415
Cherokee,2025,30830
Chowan,2020,13702
Chowan,2021,13761
Chowan,2022,13909
Chowan,2023,13888
Chowan,2024,14025
Chowan,2025,14082
Clay,2020,11141
Clay,2021,11376
Clay,2022,11594
Clay,2023,11830
Clay,2024,11966
Clay,2025,12239
Cleveland,2020,99926
Cleveland,2021,100478
Cleveland,2022,100773
Cleveland,2023,101606
Cleveland,2024,102506
Cleveland,2025,103325
Columbus,2020,50487
Columbus,2021,50021
Columbus,2022,50037
Columbus,2023,50249
Columbus,2024,50301
Columbus,2025,50487
Craven,2020,101514
Craven,2021,101696
Craven,2022,102413
Craven,2023,103370
Craven,2024,104173
Craven,2025,105025
Cumberland,2020,337000
Cumberland,2021,339459
Cumberland,2022,338521
Cumberland,2023,337635
Cumberland,2024,337248
Cumberland,2025,338473
Currituck,2020,28405
Currituck,2021,29700
Currituck,2022,30994
Currituck,2023,31614
Currituck,2024,32436
Currituck,2025,33158
Dare,2020,37036
Dare,2021,37908
Dare,2022,38000
Dare,2023,38150
Dare,2024,38228
Dare,2025,38245
Davidson,2020,169029
Davidson,2021,170570
Davidson,2022,172376
Davidson,2023,174974
Davidson,2024,177981
Davidson,2025,180182
Davie,2020,42909
Davie,2021,43685
Davie,2022,44119
Davie,2023,44676
Davie,2024,45485
Davie,2025,45855
Duplin,2020,48660
Duplin,2021,48565
Duplin,2022,49065
Duplin,2023,49942
Duplin,2024,51002
Duplin,2025,51571
Durham,2020,322465
Durham,2021,326694
Durham,2022,331135
Durham,2023,335867
Durham,2024,342314
Durham,2025,347240
Edgecombe,2020,48781
Edgecombe,2021,48363
Edgecombe,2022,48470
Edgecombe,2023,48959
Edgecombe,2024,49066
Edgecombe,2025,49121
Forsyth,2020,382618
Forsyth,2021,385808
Forsyth,2022,389389
Forsyth,2023,393631
Forsyth,2024,397836
Forsyth,2025,401718
Franklin,2020,69029
Franklin,2021,71697
Franklin,2022,74294
Franklin,2023,77039
Franklin,2024,79930
Franklin,2025,82037
Gaston,2020,228640
Gaston,2021,231421
Gaston,2022,234245
Gaston,2023,238578
Gaston,2024,243020
Gaston,2025,246558
Gates,2020,10450
Gates,2021,10402
Gates,2022,10368
Gates,2023,10360
Gates,2024,10288
Gates,2025,10234
Graham,2020,8039
Graham,2021,8020
Graham,2022,8049
Graham,2023,8052
Graham,2024,8135
Graham,2025,8190
Granville,2020,60178
Granville,2021,60502
Granville,2022,60878
Granville,2023,61411
Granville,2024,61628
Granville,2025,61421
Greene,2020,20441
Greene,2021,20274
Greene,2022,20387
Greene,2023,20595
Greene,2024,20700
Greene,2025,20700
Guilford,2020,538726
Guilford,2021,542111
Guilford,2022,546589
Guilford,2023,551451
Guilford,2024,557059
Guilford,2025,562234
Halifax,2020,48401
Halifax,2021,48268
Halifax,2022,47587
Halifax,2023,47075
Halifax,2024,46993
Halifax,2025,46534
Harnett,2020,133716
Harnett,2021,135553
Harnett,2022,138514
Harnett,2023,141772
Harnett,2024,146456
Harnett,2025,150137
Haywood,2020,62219
Haywood,2021,62539
Haywood,2022,62588
Haywood,2023,62948
Haywood,2024,63233
Haywood,2025,63369
Henderson,2020,116564
Henderson,2021,117187
Henderson,2022,118337
Henderson,2023,119643
Henderson,2024,121286
Henderson,2025,122375
Hertford,2020,21414
Hertford,2021,19810
Hertford,2022,19492
Hertford,2023,19194
Hertford,2024,19099
Hertford,2025,19015
Hoke,2020,52230
Hoke,2021,53186
Hoke,2022,53732
Hoke,2023,54710
Hoke,2024,55659
Hoke,2025,56939
Hyde,2020,4508
Hyde,2021,4615
Hyde,2022,4621
Hyde,2023,4642
Hyde,2024,4593
Hyde,2025,4554
Iredell,2020,187676
Iredell,2021,192185
Iredell,2022,196005
Iredell,2023,200005
Iredell,2024,206119
Iredell,2025,211798
Jackson,2020,42142
Jackson,2021,42521
Jackson,2022,43920
Jackson,2023,45034
Jackson,2024,44986
Jackson,2025,45039
Johnston,2020,217450
Johnston,2021,226965
Johnston,2022,234667
Johnston,2023,242010
Johnston,2024,249522
Johnston,2025,256448
Jones,2020,9150
Jones,2021,9216
Jones,2022,9247
Jones,2023,9448
Jones,2024,9500
Jones,2025,9575
Lee,2020,63388
Lee,2021,63997
Lee,2022,65613
Lee,2023,67346
Lee,2024,68819
Lee,2025,70258
Lenoir,2020,55062
Lenoir,2021,54713
Lenoir,2022,54540
Lenoir,2023,54983
Lenoir,2024,55432
Lenoir,2025,55837
Lincoln,2020,87153
Lincoln,2021,89935
Lincoln,2022,93088
Lincoln,2023,95723
Lincoln,2024,97519
Lincoln,2025,98654
McDowell,2020,44554
McDowell,2021,44541
McDowell,2022,44745
McDowell,2023,44946
McDowell,2024,45298
McDowell,2025,45198
Macon,2020,37085
Macon,2021,37457
Macon,2022,37964
Macon,2023,38433
Macon,2024,38820
Macon,2025,39232
Madison,2020,21292
Madison,2021,21739
Madison,2022,21908
Madison,2023,22044
Madison,2024,22466
Madison,2025,22553
Martin,2020,21954
Martin,2021,21747
Martin,2022,21493
Martin,2023,21484
Martin,2024,21562
Martin,2025,21601
Mecklenburg,2020,1116183
Mecklenburg,2021,1125402
Mecklenburg,2022,1148324
Mecklenburg,2023,1173749
Mecklenburg,2024,1206829
Mecklenburg,2025,1233383
Mitchell,2020,14901
Mitchell,2021,14980
Mitchell,2022,15043
Mitchell,2023,15013
Mitchell,2024,15142
Mitchell,2025,15062
Montgomery,2020,25700
Montgomery,2021,25834
Montgomery,2022,25865
Montgomery,2023,26227
Montgomery,2024,26348
Montgomery,2025,26403
Moore,2020,100295
Moore,2021,103056
Moore,2022,105484
Moore,2023,106915
Moore,2024,108383
Moore,2025,110619
Nash,2020,95633
Nash,2021,95690
Nash,2022,96364
Nash,2023,97319
Nash,2024,98790
Nash,2025,99365
New Hanover,2020,226449
New Hanover,2021,230167
New Hanover,2022,236065
New Hanover,2023,239877
New Hanover,2024,243335
New Hanover,2025,245959
Northampton,2020,17433
Northampton,2021,17118
Northampton,2022,16794
Northampton,2023,16709
Northampton,2024,16526
Northampton,2025,16491
Onslow,2020,204984
Onslow,2021,203512
Onslow,2022,206682
Onslow,2023,210955
Onslow,2024,214672
Onslow,2025,217175
Orange,2020,143748
Orange,2021,148919
Orange,2022,150554
Orange,2023,151717
Orange,2024,151745
Orange,2025,152498
Pamlico,2020,12308
Pamlico,2021,12362
Pamlico,2022,12255
Pamlico,2023,12431
Pamlico,2024,12688
Pamlico,2025,12758
Pasquotank,2020,40400
Pasquotank,2021,40633
Pasquotank,2022,40954
Pasquotank,2023,41370
Pasquotank,2024,41620
Pasquotank,2025,42201
Pender,2020,60614
Pender,2021,62974
Pender,2022,65638
Pender,2023,68315
Pender,2024,70150
Pender,2025,72111
Perquimans,2020,13024
Perquimans,2021,13129
Perquimans,2022,13243
Perquimans,2023,13369
Perquimans,2024,13474
Perquimans,2025,13490
Person,2020,39184
Person,2021,39168
Person,2022,39402
Person,2023,39819
Person,2024,40266
Person,2025,40636
Pitt,2020,173642
Pitt,2021,175482
Pitt,2022,177028
Pitt,2023,178776
Pitt,2024,180882
Pitt,2025,182936
Polk,2020,19378
Polk,2021,19701
Polk,2022,19998
Polk,2023,20032
Polk,2024,20388
Polk,2025,20533
Randolph,2020,144401
Randolph,2021,145152
Randolph,2022,146192
Randolph,2023,147787
Randolph,2024,148816
Randolph,2025,149516
Richmond,2020,42729
Richmond,2021,42654
Richmond,2022,42371
Richmond,2023,42115
Richmond,2024,42137
Richmond,2025,42041
Robeson,2020,115980
Robeson,2021,115889
Robeson,2022,116281
Robeson,2023,118005
Robeson,2024,119400
Robeson,2025,119941
Rockingham,2020,91201
Rockingham,2021,91261
Rockingham,2022,92013
Rockingham,2023,92535
Rockingham,2024,93670
Rockingham,2025,94195
Rowan,2020,146893
Rowan,2021,147701
Rowan,2022,149498
Rowan,2023,151833
Rowan,2024,153713
Rowan,2025,155096
Rutherford,2020,64370
Rutherford,2021,64523
Rutherford,2022,64856
Rutherford,2023,65380
Rutherford,2024,65579
Rutherford,2025,65745
Sampson,2020,59078
Sampson,2021,59052
Sampson,2022,59194
Sampson,2023,59984
Sampson,2024,61077
Sampson,2025,61504
Scotland,2020,33413
Scotland,2021,33331
Scotland,2022,33448
Scotland,2023,33544
Scotland,2024,33610
Scotland,2025,33322
Stanly,2020,62666
Stanly,2021,63156
Stanly,2022,64294
Stanly,2023,65846
Stanly,2024,67532
Stanly,2025,68830
Stokes,2020,44565
Stokes,2021,44632
Stokes,2022,45133
Stokes,2023,45505
Stokes,2024,45812
Stokes,2025,46126
Surry,2020,71386
Surry,2021,71282
Surry,2022,71536
Surry,2023,71564
Surry,2024,72066
Surry,2025,72287
Swain,2020,14107
Swain,2021,14134
Swain,2022,13982
Swain,2023,13959
Swain,2024,14047
Swain,2025,14024
Transylvania,2020,33255
Transylvania,2021,33492
Transylvania,2022,33637
Transylvania,2023,33930
Transylvania,2024,34209
Transylvania,2025,34211
Tyrrell,2020,3237
Tyrrell,2021,3377
Tyrrell,2022,3457
Tyrrell,2023,3505
Tyrrell,2024,3498
Tyrrell,2025,3537
Union,2020,239615
Union,2021,244459
Union,2022,249615
Union,2023,257474
Union,2024,263704
Union,2025,267674
Vance,2020,42554
Vance,2021,42128
Vance,2022,42203
Vance,2023,42359
Vance,2024,42602
Vance,2025,42638
Wake,2020,1130903
Wake,2021,1153051
Wake,2022,1173034
Wake,2023,1200630
Wake,2024,1229475
Wake,2025,1257235
Warren,2020,18606
Warren,2021,18835
Warren,2022,18691
Warren,2023,18739
Warren,2024,19055
Warren,2025,18898
Washington,2020,10976
Washington,2021,10884
Washington,2022,10788
Washington,2023,10719
Washington,2024,10650
Washington,2025,10638
Watauga,2020,54466
Watauga,2021,55302
Watauga,2022,55363
Watauga,2023,55362
Watauga,2024,54921
Watauga,2025,54786
Wayne,2020,117758
Wayne,2021,117416
Wayne,2022,118206
Wayne,2023,119731
Wayne,2024,121168
Wayne,2025,122278
Wilkes,2020,65871
Wilkes,2021,65812
Wilkes,2022,65807
Wilkes,2023,66024
Wilkes,2024,66252
Wilkes,2025,66233
Wilson,2020,79816
Wilson,2021,79263
Wilson,2022,79357
Wilson,2023,80246
Wilson,2024,80885
Wilson,2025,81150
Yadkin,2020,37250
Yadkin,2021,37287
Yadkin,2022,37531
Yadkin,2023,37867
Yadkin,2024,38223
Yadkin,2025,38325
Yancey,2020,18492
Yancey,2021,18759
Yancey,2022,18772
Yancey,2023,18918
Yancey,2024,19062
Yancey,2025,19084
